{"v":"5.5.8","fr":23.9759979248047,"ip":24.9999978361744,"op":75.9999934219701,"w":1080,"h":1080,"nm":"TESTE_01","ddd":0,"assets":[],"layers":[{"ddd":0,"ind":1,"ty":4,"nm":"Shape Layer 17","sr":1,"ks":{"o":{"a":0,"k":100,"ix":11},"r":{"a":0,"k":0,"ix":10},"p":{"a":0,"k":[540,540,0],"ix":2},"a":{"a":0,"k":[0,0,0],"ix":1},"s":{"a":0,"k":[100,100,100],"ix":6}},"ao":0,"shapes":[{"ty":"gr","it":[{"ind":0,"ty":"sh","ix":1,"ks":{"a":0,"k":{"i":[[0,0],[0,0]],"o":[[0,0],[0,0]],"v":[[-7,178],[-7,-146]],"c":false},"ix":2},"nm":"Path 1","mn":"ADBE Vector Shape - Group","hd":false},{"ty":"st","c":{"a":0,"k":[0.9333333333333333,0.9333333333333333,0.9333333333333333,1],"ix":3},"o":{"a":0,"k":100,"ix":4},"w":{"a":0,"k":4,"ix":5},"lc":2,"lj":1,"ml":4,"bm":0,"d":[{"n":"d","nm":"dash","v":{"a":0,"k":10,"ix":1}},{"n":"o","nm":"offset","v":{"a":0,"k":0,"ix":7}}],"nm":"Stroke 1","mn":"ADBE Vector Graphic - Stroke","hd":false},{"ty":"tr","p":{"a":0,"k":[38,0],"ix":2},"a":{"a":0,"k":[0,0],"ix":1},"s":{"a":0,"k":[100,100],"ix":3},"r":{"a":0,"k":0,"ix":6},"o":{"a":0,"k":100,"ix":7},"sk":{"a":0,"k":0,"ix":4},"sa":{"a":0,"k":0,"ix":5},"nm":"Transform"}],"nm":"Shape 1","np":3,"cix":2,"bm":0,"ix":2,"mn":"ADBE Vector Group","hd":false},{"ty":"tm","s":{"a":1,"k":[{"i":{"x":[0.833],"y":[0.833]},"o":{"x":[0.167],"y":[0.167]},"t":24,"s":[0]},{"t":29.9999974034093,"s":[100]}],"ix":1},"e":{"a":1,"k":[{"i":{"x":[0.833],"y":[0.833]},"o":{"x":[0.167],"y":[0.167]},"t":19,"s":[0]},{"t":23.9999979227274,"s":[100]}],"ix":2},"o":{"a":0,"k":0,"ix":3},"m":1,"ix":3,"nm":"Trim Paths 1","mn":"ADBE Vector Filter - Trim","hd":false}],"ip":18.9999983554925,"op":33.9999970571972,"st":-23.9999979227274,"bm":0},{"ddd":0,"ind":2,"ty":4,"nm":"Shape Layer 16","sr":1,"ks":{"o":{"a":0,"k":100,"ix":11},"r":{"a":0,"k":0,"ix":10},"p":{"a":0,"k":[540,540,0],"ix":2},"a":{"a":0,"k":[0,0,0],"ix":1},"s":{"a":0,"k":[100,100,100],"ix":6}},"ao":0,"shapes":[{"ty":"gr","it":[{"ind":0,"ty":"sh","ix":1,"ks":{"a":0,"k":{"i":[[0,0],[0,0]],"o":[[0,0],[0,0]],"v":[[-2,278],[-2,-138]],"c":false},"ix":2},"nm":"Path 1","mn":"ADBE Vector Shape - Group","hd":false},{"ty":"st","c":{"a":0,"k":[0.4,0.4,0.4,1],"ix":3},"o":{"a":0,"k":100,"ix":4},"w":{"a":0,"k":16,"ix":5},"lc":2,"lj":1,"ml":4,"bm":0,"nm":"Stroke 1","mn":"ADBE Vector Graphic - Stroke","hd":false},{"ty":"tr","p":{"a":0,"k":[0,0],"ix":2},"a":{"a":0,"k":[0,0],"ix":1},"s":{"a":0,"k":[100,100],"ix":3},"r":{"a":0,"k":0,"ix":6},"o":{"a":0,"k":100,"ix":7},"sk":{"a":0,"k":0,"ix":4},"sa":{"a":0,"k":0,"ix":5},"nm":"Transform"}],"nm":"Shape 2","np":3,"cix":2,"bm":0,"ix":1,"mn":"ADBE Vector Group","hd":false},{"ty":"gr","it":[{"ind":0,"ty":"sh","ix":1,"ks":{"a":0,"k":{"i":[[0,0],[0,0]],"o":[[0,0],[0,0]],"v":[[48,144],[48,-113]],"c":false},"ix":2},"nm":"Path 1","mn":"ADBE Vector Shape - Group","hd":false},{"ty":"st","c":{"a":0,"k":[0.4,0.4,0.4,1],"ix":3},"o":{"a":0,"k":100,"ix":4},"w":{"a":0,"k":24,"ix":5},"lc":2,"lj":1,"ml":4,"bm":0,"nm":"Stroke 1","mn":"ADBE Vector Graphic - Stroke","hd":false},{"ty":"tr","p":{"a":0,"k":[0,0],"ix":2},"a":{"a":0,"k":[0,0],"ix":1},"s":{"a":0,"k":[100,100],"ix":3},"r":{"a":0,"k":0,"ix":6},"o":{"a":0,"k":100,"ix":7},"sk":{"a":0,"k":0,"ix":4},"sa":{"a":0,"k":0,"ix":5},"nm":"Transform"}],"nm":"Shape 1","np":3,"cix":2,"bm":0,"ix":2,"mn":"ADBE Vector Group","hd":false},{"ty":"tm","s":{"a":1,"k":[{"i":{"x":[0.833],"y":[0.833]},"o":{"x":[0.167],"y":[0.167]},"t":23,"s":[0]},{"t":28.9999974899623,"s":[100]}],"ix":1},"e":{"a":1,"k":[{"i":{"x":[0.833],"y":[0.833]},"o":{"x":[0.167],"y":[0.167]},"t":18,"s":[0]},{"t":22.9999980092804,"s":[100]}],"ix":2},"o":{"a":0,"k":0,"ix":3},"m":1,"ix":3,"nm":"Trim Paths 1","mn":"ADBE Vector Filter - Trim","hd":false}],"ip":17.9999984420456,"op":32.9999971437502,"st":-24.9999978361744,"bm":0},{"ddd":0,"ind":3,"ty":4,"nm":"Shape Layer 15","sr":1,"ks":{"o":{"a":0,"k":100,"ix":11},"r":{"a":0,"k":0,"ix":10},"p":{"a":0,"k":[540,540,0],"ix":2},"a":{"a":0,"k":[0,0,0],"ix":1},"s":{"a":0,"k":[100,100,100],"ix":6}},"ao":0,"shapes":[{"ty":"gr","it":[{"ind":0,"ty":"sh","ix":1,"ks":{"a":0,"k":{"i":[[0,0],[0,0]],"o":[[0,0],[0,0]],"v":[[28,268],[28,-130]],"c":false},"ix":2},"nm":"Path 1","mn":"ADBE Vector Shape - Group","hd":false},{"ty":"st","c":{"a":0,"k":[0.9333333333333333,0.9333333333333333,0.9333333333333333,1],"ix":3},"o":{"a":0,"k":100,"ix":4},"w":{"a":0,"k":4,"ix":5},"lc":2,"lj":1,"ml":4,"bm":0,"nm":"Stroke 1","mn":"ADBE Vector Graphic - Stroke","hd":false},{"ty":"tr","p":{"a":0,"k":[0,0],"ix":2},"a":{"a":0,"k":[0,0],"ix":1},"s":{"a":0,"k":[100,100],"ix":3},"r":{"a":0,"k":0,"ix":6},"o":{"a":0,"k":100,"ix":7},"sk":{"a":0,"k":0,"ix":4},"sa":{"a":0,"k":0,"ix":5},"nm":"Transform"}],"nm":"Shape 2","np":3,"cix":2,"bm":0,"ix":1,"mn":"ADBE Vector Group","hd":false},{"ty":"gr","it":[{"ind":0,"ty":"sh","ix":1,"ks":{"a":0,"k":{"i":[[0,0],[0,0]],"o":[[0,0],[0,0]],"v":[[-7,178],[-7,-146]],"c":false},"ix":2},"nm":"Path 1","mn":"ADBE Vector Shape - Group","hd":false},{"ty":"st","c":{"a":0,"k":[0.9333333333333333,0.9333333333333333,0.9333333333333333,1],"ix":3},"o":{"a":0,"k":100,"ix":4},"w":{"a":0,"k":4,"ix":5},"lc":2,"lj":1,"ml":4,"bm":0,"d":[{"n":"d","nm":"dash","v":{"a":0,"k":10,"ix":1}},{"n":"o","nm":"offset","v":{"a":0,"k":0,"ix":7}}],"nm":"Stroke 1","mn":"ADBE Vector Graphic - Stroke","hd":false},{"ty":"tr","p":{"a":0,"k":[0,0],"ix":2},"a":{"a":0,"k":[0,0],"ix":1},"s":{"a":0,"k":[100,100],"ix":3},"r":{"a":0,"k":0,"ix":6},"o":{"a":0,"k":100,"ix":7},"sk":{"a":0,"k":0,"ix":4},"sa":{"a":0,"k":0,"ix":5},"nm":"Transform"}],"nm":"Shape 1","np":3,"cix":2,"bm":0,"ix":2,"mn":"ADBE Vector Group","hd":false},{"ty":"tm","s":{"a":1,"k":[{"i":{"x":[0.833],"y":[0.833]},"o":{"x":[0.167],"y":[0.167]},"t":49,"s":[0]},{"t":54.9999952395837,"s":[100]}],"ix":1},"e":{"a":1,"k":[{"i":{"x":[0.833],"y":[0.833]},"o":{"x":[0.167],"y":[0.167]},"t":44,"s":[0]},{"t":48.9999957589018,"s":[100]}],"ix":2},"o":{"a":0,"k":0,"ix":3},"m":1,"ix":3,"nm":"Trim Paths 1","mn":"ADBE Vector Filter - Trim","hd":false}],"ip":43.9999961916669,"op":58.9999948933716,"st":0.99999991344698,"bm":0},{"ddd":0,"ind":4,"ty":4,"nm":"Shape Layer 14","sr":1,"ks":{"o":{"a":0,"k":100,"ix":11},"r":{"a":0,"k":0,"ix":10},"p":{"a":0,"k":[514,540,0],"ix":2},"a":{"a":0,"k":[0,0,0],"ix":1},"s":{"a":0,"k":[100,100,100],"ix":6}},"ao":0,"shapes":[{"ty":"gr","it":[{"ind":0,"ty":"sh","ix":1,"ks":{"a":0,"k":{"i":[[0,0],[0,0]],"o":[[0,0],[0,0]],"v":[[48,144],[48,-113]],"c":false},"ix":2},"nm":"Path 1","mn":"ADBE Vector Shape - Group","hd":false},{"ty":"st","c":{"a":0,"k":[0.6078431372549019,0.6078431372549019,0.6078431372549019,1],"ix":3},"o":{"a":0,"k":100,"ix":4},"w":{"a":0,"k":24,"ix":5},"lc":2,"lj":1,"ml":4,"bm":0,"nm":"Stroke 1","mn":"ADBE Vector Graphic - Stroke","hd":false},{"ty":"tr","p":{"a":0,"k":[0,0],"ix":2},"a":{"a":0,"k":[0,0],"ix":1},"s":{"a":0,"k":[100,100],"ix":3},"r":{"a":0,"k":0,"ix":6},"o":{"a":0,"k":100,"ix":7},"sk":{"a":0,"k":0,"ix":4},"sa":{"a":0,"k":0,"ix":5},"nm":"Transform"}],"nm":"Shape 1","np":3,"cix":2,"bm":0,"ix":2,"mn":"ADBE Vector Group","hd":false},{"ty":"tm","s":{"a":1,"k":[{"i":{"x":[0.833],"y":[0.833]},"o":{"x":[0.167],"y":[0.167]},"t":48,"s":[0]},{"t":53.9999953261367,"s":[100]}],"ix":1},"e":{"a":1,"k":[{"i":{"x":[0.833],"y":[0.833]},"o":{"x":[0.167],"y":[0.167]},"t":43,"s":[0]},{"t":47.9999958454548,"s":[100]}],"ix":2},"o":{"a":0,"k":0,"ix":3},"m":1,"ix":3,"nm":"Trim Paths 1","mn":"ADBE Vector Filter - Trim","hd":false}],"ip":42.99999627822,"op":57.9999949799246,"st":0,"bm":0},{"ddd":0,"ind":5,"ty":4,"nm":"Shape Layer 21","sr":1,"ks":{"o":{"a":0,"k":100,"ix":11},"r":{"a":0,"k":0,"ix":10},"p":{"a":0,"k":[540,540,0],"ix":2},"a":{"a":0,"k":[0,0,0],"ix":1},"s":{"a":0,"k":[100,100,100],"ix":6}},"ao":0,"shapes":[{"ty":"gr","it":[{"ind":0,"ty":"sh","ix":1,"ks":{"a":0,"k":{"i":[[0,0],[0,0]],"o":[[0,0],[0,0]],"v":[[-7,178],[-7,-146]],"c":false},"ix":2},"nm":"Path 1","mn":"ADBE Vector Shape - Group","hd":false},{"ty":"st","c":{"a":0,"k":[0.9333333333333333,0.9333333333333333,0.9333333333333333,1],"ix":3},"o":{"a":0,"k":100,"ix":4},"w":{"a":0,"k":4,"ix":5},"lc":2,"lj":1,"ml":4,"bm":0,"d":[{"n":"d","nm":"dash","v":{"a":0,"k":10,"ix":1}},{"n":"o","nm":"offset","v":{"a":0,"k":0,"ix":7}}],"nm":"Stroke 1","mn":"ADBE Vector Graphic - Stroke","hd":false},{"ty":"tr","p":{"a":0,"k":[38,0],"ix":2},"a":{"a":0,"k":[0,0],"ix":1},"s":{"a":0,"k":[100,100],"ix":3},"r":{"a":0,"k":0,"ix":6},"o":{"a":0,"k":100,"ix":7},"sk":{"a":0,"k":0,"ix":4},"sa":{"a":0,"k":0,"ix":5},"nm":"Transform"}],"nm":"Shape 1","np":3,"cix":2,"bm":0,"ix":2,"mn":"ADBE Vector Group","hd":false},{"ty":"tm","s":{"a":1,"k":[{"i":{"x":[0.833],"y":[0.833]},"o":{"x":[0.167],"y":[0.167]},"t":74,"s":[0]},{"t":79.999993075758,"s":[100]}],"ix":1},"e":{"a":1,"k":[{"i":{"x":[0.833],"y":[0.833]},"o":{"x":[0.167],"y":[0.167]},"t":69,"s":[0]},{"t":73.9999935950762,"s":[100]}],"ix":2},"o":{"a":0,"k":0,"ix":3},"m":1,"ix":3,"nm":"Trim Paths 1","mn":"ADBE Vector Filter - Trim","hd":false}],"ip":68.9999940278413,"op":83.9999927295459,"st":25.9999977496214,"bm":0},{"ddd":0,"ind":6,"ty":4,"nm":"Shape Layer 20","sr":1,"ks":{"o":{"a":0,"k":100,"ix":11},"r":{"a":0,"k":0,"ix":10},"p":{"a":0,"k":[540,540,0],"ix":2},"a":{"a":0,"k":[0,0,0],"ix":1},"s":{"a":0,"k":[100,100,100],"ix":6}},"ao":0,"shapes":[{"ty":"gr","it":[{"ind":0,"ty":"sh","ix":1,"ks":{"a":0,"k":{"i":[[0,0],[0,0]],"o":[[0,0],[0,0]],"v":[[-2,278],[-2,-138]],"c":false},"ix":2},"nm":"Path 1","mn":"ADBE Vector Shape - Group","hd":false},{"ty":"st","c":{"a":0,"k":[0.6078431372549019,0.6078431372549019,0.6078431372549019,1],"ix":3},"o":{"a":0,"k":100,"ix":4},"w":{"a":0,"k":16,"ix":5},"lc":2,"lj":1,"ml":4,"bm":0,"nm":"Stroke 1","mn":"ADBE Vector Graphic - Stroke","hd":false},{"ty":"tr","p":{"a":0,"k":[0,0],"ix":2},"a":{"a":0,"k":[0,0],"ix":1},"s":{"a":0,"k":[100,100],"ix":3},"r":{"a":0,"k":0,"ix":6},"o":{"a":0,"k":100,"ix":7},"sk":{"a":0,"k":0,"ix":4},"sa":{"a":0,"k":0,"ix":5},"nm":"Transform"}],"nm":"Shape 2","np":3,"cix":2,"bm":0,"ix":1,"mn":"ADBE Vector Group","hd":false},{"ty":"gr","it":[{"ind":0,"ty":"sh","ix":1,"ks":{"a":0,"k":{"i":[[0,0],[0,0]],"o":[[0,0],[0,0]],"v":[[48,144],[48,-113]],"c":false},"ix":2},"nm":"Path 1","mn":"ADBE Vector Shape - Group","hd":false},{"ty":"st","c":{"a":0,"k":[0.6078431372549019,0.6078431372549019,0.6078431372549019,1],"ix":3},"o":{"a":0,"k":100,"ix":4},"w":{"a":0,"k":24,"ix":5},"lc":2,"lj":1,"ml":4,"bm":0,"nm":"Stroke 1","mn":"ADBE Vector Graphic - Stroke","hd":false},{"ty":"tr","p":{"a":0,"k":[0,0],"ix":2},"a":{"a":0,"k":[0,0],"ix":1},"s":{"a":0,"k":[100,100],"ix":3},"r":{"a":0,"k":0,"ix":6},"o":{"a":0,"k":100,"ix":7},"sk":{"a":0,"k":0,"ix":4},"sa":{"a":0,"k":0,"ix":5},"nm":"Transform"}],"nm":"Shape 1","np":3,"cix":2,"bm":0,"ix":2,"mn":"ADBE Vector Group","hd":false},{"ty":"tm","s":{"a":1,"k":[{"i":{"x":[0.833],"y":[0.833]},"o":{"x":[0.167],"y":[0.167]},"t":73,"s":[0]},{"t":78.9999931623111,"s":[100]}],"ix":1},"e":{"a":1,"k":[{"i":{"x":[0.833],"y":[0.833]},"o":{"x":[0.167],"y":[0.167]},"t":68,"s":[0]},{"t":72.9999936816292,"s":[100]}],"ix":2},"o":{"a":0,"k":0,"ix":3},"m":1,"ix":3,"nm":"Trim Paths 1","mn":"ADBE Vector Filter - Trim","hd":false}],"ip":67.9999941143943,"op":82.999992816099,"st":24.9999978361744,"bm":0},{"ddd":0,"ind":7,"ty":3,"nm":"Null 2","sr":1,"ks":{"o":{"a":0,"k":0,"ix":11},"r":{"a":0,"k":0,"ix":10},"p":{"a":0,"k":[552,352,0],"ix":2},"a":{"a":0,"k":[0,0,0],"ix":1},"s":{"a":0,"k":[135,135,100],"ix":6}},"ao":0,"ip":0,"op":119.999989613637,"st":0,"bm":0},{"ddd":0,"ind":8,"ty":3,"nm":"Null 1","parent":7,"sr":1,"ks":{"o":{"a":0,"k":0,"ix":11},"r":{"a":0,"k":0,"ix":10},"p":{"a":0,"k":[0,0,0],"ix":2},"a":{"a":0,"k":[0,0,0],"ix":1},"s":{"a":0,"k":[-100,100,100],"ix":6}},"ao":0,"ip":56.9999950664776,"op":75.9999934219701,"st":24.9999978361744,"bm":0},{"ddd":0,"ind":9,"ty":4,"nm":"Shape Layer 13","parent":7,"sr":1,"ks":{"o":{"a":0,"k":100,"ix":11},"r":{"a":0,"k":0,"ix":10},"p":{"a":0,"k":[0,0,0],"ix":2},"a":{"a":0,"k":[0,0,0],"ix":1},"s":{"a":0,"k":[100,100,100],"ix":6}},"ao":0,"shapes":[{"ty":"gr","it":[{"ind":0,"ty":"sh","ix":1,"ks":{"a":0,"k":{"i":[[-78.985,1.537],[-26.3,38.133],[0,0]],"o":[[78.985,-1.537],[15.882,-23.027],[0,0]],"v":[[80.45,465.251],[212.3,417.867],[238.418,350.214]],"c":false},"ix":2},"nm":"Path 1","mn":"ADBE Vector Shape - Group","hd":false},{"ty":"st","c":{"a":0,"k":[0.6078431372549019,0.6078431372549019,0.6078431372549019,1],"ix":3},"o":{"a":0,"k":100,"ix":4},"w":{"a":1,"k":[{"i":{"x":[0.833],"y":[0.833]},"o":{"x":[1],"y":[-0.086]},"t":60,"s":[2]},{"i":{"x":[0.833],"y":[0.833]},"o":{"x":[0.167],"y":[0.167]},"t":62,"s":[20]},{"t":70.9999938547353,"s":[0]}],"ix":5},"lc":2,"lj":1,"ml":4,"bm":0,"nm":"Stroke 1","mn":"ADBE Vector Graphic - Stroke","hd":false},{"ty":"tr","p":{"a":0,"k":[0,0],"ix":2},"a":{"a":0,"k":[0,0],"ix":1},"s":{"a":0,"k":[100,100],"ix":3},"r":{"a":0,"k":0,"ix":6},"o":{"a":0,"k":100,"ix":7},"sk":{"a":0,"k":0,"ix":4},"sa":{"a":0,"k":0,"ix":5},"nm":"Transform"}],"nm":"Shape 1","np":3,"cix":2,"bm":0,"ix":1,"mn":"ADBE Vector Group","hd":false},{"ty":"tm","s":{"a":1,"k":[{"i":{"x":[0.833],"y":[0.833]},"o":{"x":[1],"y":[-0.04]},"t":60,"s":[0]},{"i":{"x":[0.833],"y":[0.833]},"o":{"x":[0.167],"y":[0.167]},"t":64,"s":[78]},{"t":70.9999938547353,"s":[99]}],"ix":1},"e":{"a":1,"k":[{"i":{"x":[0.833],"y":[0.833]},"o":{"x":[1],"y":[-0.02]},"t":60,"s":[0]},{"i":{"x":[0.833],"y":[0.833]},"o":{"x":[0.167],"y":[0.167]},"t":62,"s":[76]},{"t":70.9999938547353,"s":[100]}],"ix":2},"o":{"a":0,"k":0,"ix":3},"m":1,"ix":2,"nm":"Trim Paths 1","mn":"ADBE Vector Filter - Trim","hd":false}],"ip":59.9999948068185,"op":71.9999937681822,"st":23.9999979227274,"bm":0},{"ddd":0,"ind":10,"ty":4,"nm":"Shape Layer 12","parent":7,"sr":1,"ks":{"o":{"a":0,"k":100,"ix":11},"r":{"a":0,"k":0,"ix":10},"p":{"a":0,"k":[0,0,0],"ix":2},"a":{"a":0,"k":[0,0,0],"ix":1},"s":{"a":0,"k":[100,100,100],"ix":6}},"ao":0,"shapes":[{"ty":"gr","it":[{"ind":0,"ty":"sh","ix":1,"ks":{"a":0,"k":{"i":[[-79,-0.049],[-33.175,24.322],[0,0]],"o":[[109.257,0.068],[22.559,-16.539],[0,0]],"v":[[90.744,468.932],[250.675,438.678],[288.867,344.606]],"c":false},"ix":2},"nm":"Path 1","mn":"ADBE Vector Shape - Group","hd":false},{"ty":"st","c":{"a":0,"k":[0.9333333333333333,0.9333333333333333,0.9333333333333333,1],"ix":3},"o":{"a":0,"k":100,"ix":4},"w":{"a":1,"k":[{"i":{"x":[0.833],"y":[0.833]},"o":{"x":[1],"y":[-0.778]},"t":59,"s":[2]},{"i":{"x":[0.833],"y":[0.833]},"o":{"x":[0.167],"y":[0.167]},"t":60.637,"s":[4]},{"t":67.9999941143943,"s":[0]}],"ix":5},"lc":2,"lj":1,"ml":4,"bm":0,"nm":"Stroke 1","mn":"ADBE Vector Graphic - Stroke","hd":false},{"ty":"tr","p":{"a":0,"k":[0,0],"ix":2},"a":{"a":0,"k":[0,0],"ix":1},"s":{"a":0,"k":[100,100],"ix":3},"r":{"a":0,"k":0,"ix":6},"o":{"a":0,"k":100,"ix":7},"sk":{"a":0,"k":0,"ix":4},"sa":{"a":0,"k":0,"ix":5},"nm":"Transform"}],"nm":"Shape 1","np":3,"cix":2,"bm":0,"ix":1,"mn":"ADBE Vector Group","hd":false},{"ty":"tm","s":{"a":1,"k":[{"i":{"x":[0.833],"y":[0.833]},"o":{"x":[1],"y":[-0.04]},"t":59,"s":[0]},{"i":{"x":[0.833],"y":[0.833]},"o":{"x":[0.167],"y":[0.167]},"t":62.273,"s":[78]},{"t":67.9999941143943,"s":[99]}],"ix":1},"e":{"a":1,"k":[{"i":{"x":[0.833],"y":[0.833]},"o":{"x":[1],"y":[-0.02]},"t":59,"s":[0]},{"i":{"x":[0.833],"y":[0.833]},"o":{"x":[0.167],"y":[0.167]},"t":60.637,"s":[76]},{"t":67.9999941143943,"s":[100]}],"ix":2},"o":{"a":0,"k":0,"ix":3},"m":1,"ix":2,"nm":"Trim Paths 1","mn":"ADBE Vector Filter - Trim","hd":false}],"ip":59.9999948068185,"op":71.9999937681822,"st":22.9999980092804,"bm":0},{"ddd":0,"ind":11,"ty":4,"nm":"Shape Layer 11","parent":7,"sr":1,"ks":{"o":{"a":0,"k":100,"ix":11},"r":{"a":0,"k":0,"ix":10},"p":{"a":0,"k":[0,0,0],"ix":2},"a":{"a":0,"k":[0,0,0],"ix":1},"s":{"a":0,"k":[100,100,100],"ix":6}},"ao":0,"shapes":[{"ty":"gr","it":[{"ind":0,"ty":"sh","ix":1,"ks":{"a":0,"k":{"i":[[-79,-0.049],[-32.675,13.322],[0,0]],"o":[[109.257,0.068],[25.903,-10.561],[0,0]],"v":[[90.743,468.932],[290.675,458.678],[360.367,395.606]],"c":false},"ix":2},"nm":"Path 1","mn":"ADBE Vector Shape - Group","hd":false},{"ty":"st","c":{"a":0,"k":[0.9333333333333333,0.9333333333333333,0.9333333333333333,1],"ix":3},"o":{"a":0,"k":100,"ix":4},"w":{"a":1,"k":[{"i":{"x":[0.833],"y":[0.833]},"o":{"x":[1],"y":[-0.778]},"t":60,"s":[2]},{"i":{"x":[0.833],"y":[0.833]},"o":{"x":[0.167],"y":[0.167]},"t":61.455,"s":[4]},{"t":67.9999941143943,"s":[0]}],"ix":5},"lc":2,"lj":1,"ml":4,"bm":0,"nm":"Stroke 1","mn":"ADBE Vector Graphic - Stroke","hd":false},{"ty":"tr","p":{"a":0,"k":[0,0],"ix":2},"a":{"a":0,"k":[0,0],"ix":1},"s":{"a":0,"k":[100,100],"ix":3},"r":{"a":0,"k":0,"ix":6},"o":{"a":0,"k":100,"ix":7},"sk":{"a":0,"k":0,"ix":4},"sa":{"a":0,"k":0,"ix":5},"nm":"Transform"}],"nm":"Shape 1","np":3,"cix":2,"bm":0,"ix":1,"mn":"ADBE Vector Group","hd":false},{"ty":"tm","s":{"a":1,"k":[{"i":{"x":[0.833],"y":[0.833]},"o":{"x":[1],"y":[-0.04]},"t":60,"s":[0]},{"i":{"x":[0.833],"y":[0.833]},"o":{"x":[0.167],"y":[0.167]},"t":62.909,"s":[78]},{"t":67.9999941143943,"s":[99]}],"ix":1},"e":{"a":1,"k":[{"i":{"x":[0.833],"y":[0.833]},"o":{"x":[1],"y":[-0.02]},"t":60,"s":[0]},{"i":{"x":[0.833],"y":[0.833]},"o":{"x":[0.167],"y":[0.167]},"t":61.455,"s":[76]},{"t":67.9999941143943,"s":[100]}],"ix":2},"o":{"a":0,"k":0,"ix":3},"m":1,"ix":2,"nm":"Trim Paths 1","mn":"ADBE Vector Filter - Trim","hd":false}],"ip":59.9999948068185,"op":71.9999937681822,"st":23.9999979227274,"bm":0},{"ddd":0,"ind":12,"ty":4,"nm":"Shape Layer 10","parent":7,"sr":1,"ks":{"o":{"a":0,"k":100,"ix":11},"r":{"a":0,"k":0,"ix":10},"p":{"a":0,"k":[0,0,0],"ix":2},"a":{"a":0,"k":[0,0,0],"ix":1},"s":{"a":0,"k":[-100,100,100],"ix":6}},"ao":0,"shapes":[{"ty":"gr","it":[{"ind":0,"ty":"sh","ix":1,"ks":{"a":0,"k":{"i":[[-79,0],[-43.102,28.944],[0,0]],"o":[[79,0],[23.223,-15.594],[0,0]],"v":[[96,467],[249,433],[305,363]],"c":false},"ix":2},"nm":"Path 1","mn":"ADBE Vector Shape - Group","hd":false},{"ty":"st","c":{"a":0,"k":[0.9333333333333333,0.9333333333333333,0.9333333333333333,1],"ix":3},"o":{"a":0,"k":100,"ix":4},"w":{"a":1,"k":[{"i":{"x":[0.833],"y":[0.833]},"o":{"x":[1],"y":[-1.556]},"t":58,"s":[2]},{"i":{"x":[0.833],"y":[0.833]},"o":{"x":[0.167],"y":[0.167]},"t":62,"s":[4]},{"t":68.9999940278413,"s":[0]}],"ix":5},"lc":2,"lj":1,"ml":4,"bm":0,"nm":"Stroke 1","mn":"ADBE Vector Graphic - Stroke","hd":false},{"ty":"tr","p":{"a":0,"k":[0,0],"ix":2},"a":{"a":0,"k":[0,0],"ix":1},"s":{"a":0,"k":[100,100],"ix":3},"r":{"a":0,"k":0,"ix":6},"o":{"a":0,"k":100,"ix":7},"sk":{"a":0,"k":0,"ix":4},"sa":{"a":0,"k":0,"ix":5},"nm":"Transform"}],"nm":"Shape 1","np":3,"cix":2,"bm":0,"ix":1,"mn":"ADBE Vector Group","hd":false},{"ty":"tm","s":{"a":1,"k":[{"i":{"x":[0.833],"y":[0.833]},"o":{"x":[1],"y":[-0.06]},"t":58,"s":[0]},{"i":{"x":[0.833],"y":[0.833]},"o":{"x":[0.167],"y":[0.167]},"t":64,"s":[78]},{"t":68.9999940278413,"s":[99]}],"ix":1},"e":{"a":1,"k":[{"i":{"x":[0.833],"y":[0.833]},"o":{"x":[1],"y":[-0.041]},"t":58,"s":[0]},{"i":{"x":[0.833],"y":[0.833]},"o":{"x":[0.167],"y":[0.167]},"t":62,"s":[76]},{"t":68.9999940278413,"s":[100]}],"ix":2},"o":{"a":0,"k":0,"ix":3},"m":1,"ix":2,"nm":"Trim Paths 1","mn":"ADBE Vector Filter - Trim","hd":false}],"ip":57.9999949799246,"op":69.9999939412883,"st":21.9999980958335,"bm":0},{"ddd":0,"ind":13,"ty":4,"nm":"Shape Layer 9","parent":7,"sr":1,"ks":{"o":{"a":0,"k":100,"ix":11},"r":{"a":0,"k":0,"ix":10},"p":{"a":0,"k":[0,0,0],"ix":2},"a":{"a":0,"k":[0,0,0],"ix":1},"s":{"a":0,"k":[-100,100,100],"ix":6}},"ao":0,"shapes":[{"ty":"gr","it":[{"ind":0,"ty":"sh","ix":1,"ks":{"a":0,"k":{"i":[[-78.985,1.537],[-27.761,12.542],[0,0]],"o":[[78.985,-1.537],[25.492,-11.517],[0,0]],"v":[[80.45,465.251],[254.3,455.867],[287.418,410.214]],"c":false},"ix":2},"nm":"Path 1","mn":"ADBE Vector Shape - Group","hd":false},{"ty":"st","c":{"a":0,"k":[0.6078431372549019,0.6078431372549019,0.6078431372549019,1],"ix":3},"o":{"a":0,"k":100,"ix":4},"w":{"a":1,"k":[{"i":{"x":[0.833],"y":[0.833]},"o":{"x":[1],"y":[-0.086]},"t":58,"s":[2]},{"i":{"x":[0.833],"y":[0.833]},"o":{"x":[0.167],"y":[0.167]},"t":60,"s":[20]},{"t":68.9999940278413,"s":[0]}],"ix":5},"lc":2,"lj":1,"ml":4,"bm":0,"nm":"Stroke 1","mn":"ADBE Vector Graphic - Stroke","hd":false},{"ty":"tr","p":{"a":0,"k":[0,0],"ix":2},"a":{"a":0,"k":[0,0],"ix":1},"s":{"a":0,"k":[100,100],"ix":3},"r":{"a":0,"k":0,"ix":6},"o":{"a":0,"k":100,"ix":7},"sk":{"a":0,"k":0,"ix":4},"sa":{"a":0,"k":0,"ix":5},"nm":"Transform"}],"nm":"Shape 1","np":3,"cix":2,"bm":0,"ix":1,"mn":"ADBE Vector Group","hd":false},{"ty":"tm","s":{"a":1,"k":[{"i":{"x":[0.833],"y":[0.833]},"o":{"x":[1],"y":[-0.04]},"t":58,"s":[0]},{"i":{"x":[0.833],"y":[0.833]},"o":{"x":[0.167],"y":[0.167]},"t":62,"s":[78]},{"t":68.9999940278413,"s":[99]}],"ix":1},"e":{"a":1,"k":[{"i":{"x":[0.833],"y":[0.833]},"o":{"x":[1],"y":[-0.02]},"t":58,"s":[0]},{"i":{"x":[0.833],"y":[0.833]},"o":{"x":[0.167],"y":[0.167]},"t":60,"s":[76]},{"t":68.9999940278413,"s":[100]}],"ix":2},"o":{"a":0,"k":0,"ix":3},"m":1,"ix":2,"nm":"Trim Paths 1","mn":"ADBE Vector Filter - Trim","hd":false}],"ip":57.9999949799246,"op":69.9999939412883,"st":21.9999980958335,"bm":0},{"ddd":0,"ind":14,"ty":3,"nm":"Null 1","parent":7,"sr":1,"ks":{"o":{"a":0,"k":0,"ix":11},"r":{"a":0,"k":0,"ix":10},"p":{"a":0,"k":[0,0,0],"ix":2},"a":{"a":0,"k":[0,0,0],"ix":1},"s":{"a":0,"k":[100,100,100],"ix":6}},"ao":0,"ip":31.9999972303032,"op":50.9999955857958,"st":0,"bm":0},{"ddd":0,"ind":15,"ty":4,"nm":"Shape Layer 7","parent":7,"sr":1,"ks":{"o":{"a":0,"k":100,"ix":11},"r":{"a":0,"k":0,"ix":10},"p":{"a":0,"k":[0,0,0],"ix":2},"a":{"a":0,"k":[0,0,0],"ix":1},"s":{"a":0,"k":[-100,100,100],"ix":6}},"ao":0,"shapes":[{"ty":"gr","it":[{"ind":0,"ty":"sh","ix":1,"ks":{"a":0,"k":{"i":[[-78.99,-1.233],[-27.452,25.463],[0,0]],"o":[[43.254,0.675],[23.255,-21.57],[0,0]],"v":[[80.45,465.251],[187.856,422.311],[220.641,354.658]],"c":false},"ix":2},"nm":"Path 1","mn":"ADBE Vector Shape - Group","hd":false},{"ty":"st","c":{"a":0,"k":[0.6078431372549019,0.6078431372549019,0.6078431372549019,1],"ix":3},"o":{"a":0,"k":100,"ix":4},"w":{"a":1,"k":[{"i":{"x":[0.833],"y":[0.833]},"o":{"x":[1],"y":[-0.086]},"t":35,"s":[2]},{"i":{"x":[0.833],"y":[0.833]},"o":{"x":[0.167],"y":[0.167]},"t":37,"s":[20]},{"t":45.9999960185609,"s":[0]}],"ix":5},"lc":2,"lj":1,"ml":4,"bm":0,"nm":"Stroke 1","mn":"ADBE Vector Graphic - Stroke","hd":false},{"ty":"tr","p":{"a":0,"k":[0,0],"ix":2},"a":{"a":0,"k":[0,0],"ix":1},"s":{"a":0,"k":[100,100],"ix":3},"r":{"a":0,"k":0,"ix":6},"o":{"a":0,"k":100,"ix":7},"sk":{"a":0,"k":0,"ix":4},"sa":{"a":0,"k":0,"ix":5},"nm":"Transform"}],"nm":"Shape 1","np":3,"cix":2,"bm":0,"ix":1,"mn":"ADBE Vector Group","hd":false},{"ty":"tm","s":{"a":1,"k":[{"i":{"x":[0.833],"y":[0.833]},"o":{"x":[1],"y":[-0.04]},"t":35,"s":[0]},{"i":{"x":[0.833],"y":[0.833]},"o":{"x":[0.167],"y":[0.167]},"t":39,"s":[78]},{"t":45.9999960185609,"s":[99]}],"ix":1},"e":{"a":1,"k":[{"i":{"x":[0.833],"y":[0.833]},"o":{"x":[1],"y":[-0.02]},"t":35,"s":[0]},{"i":{"x":[0.833],"y":[0.833]},"o":{"x":[0.167],"y":[0.167]},"t":37,"s":[76]},{"t":45.9999960185609,"s":[100]}],"ix":2},"o":{"a":0,"k":0,"ix":3},"m":1,"ix":2,"nm":"Trim Paths 1","mn":"ADBE Vector Filter - Trim","hd":false}],"ip":34.9999969706441,"op":46.9999959320079,"st":-0.99999991344698,"bm":0},{"ddd":0,"ind":16,"ty":4,"nm":"Shape Layer 8","parent":7,"sr":1,"ks":{"o":{"a":0,"k":100,"ix":11},"r":{"a":0,"k":0,"ix":10},"p":{"a":0,"k":[0,0,0],"ix":2},"a":{"a":0,"k":[0,0,0],"ix":1},"s":{"a":0,"k":[-100,100,100],"ix":6}},"ao":0,"shapes":[{"ty":"gr","it":[{"ind":0,"ty":"sh","ix":1,"ks":{"a":0,"k":{"i":[[-79,-0.049],[-33.175,24.322],[0,0]],"o":[[109.257,0.068],[22.559,-16.539],[0,0]],"v":[[90.744,468.932],[250.675,438.678],[288.867,344.606]],"c":false},"ix":2},"nm":"Path 1","mn":"ADBE Vector Shape - Group","hd":false},{"ty":"st","c":{"a":0,"k":[0.9333333333333333,0.9333333333333333,0.9333333333333333,1],"ix":3},"o":{"a":0,"k":100,"ix":4},"w":{"a":1,"k":[{"i":{"x":[0.833],"y":[0.833]},"o":{"x":[1],"y":[-0.778]},"t":34,"s":[2]},{"i":{"x":[0.833],"y":[0.833]},"o":{"x":[0.167],"y":[0.167]},"t":35.637,"s":[4]},{"t":42.99999627822,"s":[0]}],"ix":5},"lc":2,"lj":1,"ml":4,"bm":0,"nm":"Stroke 1","mn":"ADBE Vector Graphic - Stroke","hd":false},{"ty":"tr","p":{"a":0,"k":[0,0],"ix":2},"a":{"a":0,"k":[0,0],"ix":1},"s":{"a":0,"k":[100,100],"ix":3},"r":{"a":0,"k":0,"ix":6},"o":{"a":0,"k":100,"ix":7},"sk":{"a":0,"k":0,"ix":4},"sa":{"a":0,"k":0,"ix":5},"nm":"Transform"}],"nm":"Shape 1","np":3,"cix":2,"bm":0,"ix":1,"mn":"ADBE Vector Group","hd":false},{"ty":"tm","s":{"a":1,"k":[{"i":{"x":[0.833],"y":[0.833]},"o":{"x":[1],"y":[-0.04]},"t":34,"s":[0]},{"i":{"x":[0.833],"y":[0.833]},"o":{"x":[0.167],"y":[0.167]},"t":37.273,"s":[78]},{"t":42.99999627822,"s":[99]}],"ix":1},"e":{"a":1,"k":[{"i":{"x":[0.833],"y":[0.833]},"o":{"x":[1],"y":[-0.02]},"t":34,"s":[0]},{"i":{"x":[0.833],"y":[0.833]},"o":{"x":[0.167],"y":[0.167]},"t":35.637,"s":[76]},{"t":42.99999627822,"s":[100]}],"ix":2},"o":{"a":0,"k":0,"ix":3},"m":1,"ix":2,"nm":"Trim Paths 1","mn":"ADBE Vector Filter - Trim","hd":false}],"ip":34.9999969706441,"op":46.9999959320079,"st":-1.99999982689395,"bm":0},{"ddd":0,"ind":17,"ty":4,"nm":"Shape Layer 6","parent":7,"sr":1,"ks":{"o":{"a":0,"k":100,"ix":11},"r":{"a":0,"k":0,"ix":10},"p":{"a":0,"k":[0,0,0],"ix":2},"a":{"a":0,"k":[0,0,0],"ix":1},"s":{"a":0,"k":[-100,100,100],"ix":6}},"ao":0,"shapes":[{"ty":"gr","it":[{"ind":0,"ty":"sh","ix":1,"ks":{"a":0,"k":{"i":[[-79,-0.049],[-32.909,12.732],[0,0]],"o":[[109.257,0.068],[46.362,-17.937],[0,0]],"v":[[82.595,463.006],[251.416,454.233],[294.441,295.606]],"c":false},"ix":2},"nm":"Path 1","mn":"ADBE Vector Shape - Group","hd":false},{"ty":"st","c":{"a":0,"k":[0.6078431372549019,0.6078431372549019,0.6078431372549019,1],"ix":3},"o":{"a":0,"k":100,"ix":4},"w":{"a":1,"k":[{"i":{"x":[0.833],"y":[0.833]},"o":{"x":[1],"y":[-0.153]},"t":34,"s":[2]},{"i":{"x":[0.833],"y":[0.833]},"o":{"x":[0.167],"y":[0.167]},"t":37,"s":[23]},{"t":44.5449961444955,"s":[0]}],"ix":5},"lc":2,"lj":1,"ml":4,"bm":0,"nm":"Stroke 1","mn":"ADBE Vector Graphic - Stroke","hd":false},{"ty":"tr","p":{"a":0,"k":[0,0],"ix":2},"a":{"a":0,"k":[0,0],"ix":1},"s":{"a":0,"k":[100,100],"ix":3},"r":{"a":0,"k":0,"ix":6},"o":{"a":0,"k":100,"ix":7},"sk":{"a":0,"k":0,"ix":4},"sa":{"a":0,"k":0,"ix":5},"nm":"Transform"}],"nm":"Shape 1","np":3,"cix":2,"bm":0,"ix":1,"mn":"ADBE Vector Group","hd":false},{"ty":"tm","s":{"a":1,"k":[{"i":{"x":[0.833],"y":[0.833]},"o":{"x":[1],"y":[-0.041]},"t":34,"s":[0]},{"i":{"x":[0.833],"y":[0.833]},"o":{"x":[0.167],"y":[0.167]},"t":37,"s":[78]},{"t":44.5449961444955,"s":[99]}],"ix":1},"e":{"a":1,"k":[{"i":{"x":[0.833],"y":[0.833]},"o":{"x":[0.561],"y":[0]},"t":34,"s":[0]},{"i":{"x":[0.833],"y":[0.833]},"o":{"x":[0.167],"y":[0.167]},"t":37,"s":[76]},{"t":44.5449961444955,"s":[100]}],"ix":2},"o":{"a":0,"k":0,"ix":3},"m":1,"ix":2,"nm":"Trim Paths 1","mn":"ADBE Vector Filter - Trim","hd":false}],"ip":33.9999970571972,"op":45.9999960185609,"st":-1.99999982689395,"bm":0},{"ddd":0,"ind":18,"ty":4,"nm":"Shape Layer 4","parent":7,"sr":1,"ks":{"o":{"a":0,"k":100,"ix":11},"r":{"a":0,"k":0,"ix":10},"p":{"a":0,"k":[0,0,0],"ix":2},"a":{"a":0,"k":[0,0,0],"ix":1},"s":{"a":0,"k":[100,100,100],"ix":6}},"ao":0,"shapes":[{"ty":"gr","it":[{"ind":0,"ty":"sh","ix":1,"ks":{"a":0,"k":{"i":[[-79,0],[-43.102,28.944],[0,0]],"o":[[79,0],[23.223,-15.594],[0,0]],"v":[[96,467],[249,433],[305,363]],"c":false},"ix":2},"nm":"Path 1","mn":"ADBE Vector Shape - Group","hd":false},{"ty":"st","c":{"a":0,"k":[0.9333333333333333,0.9333333333333333,0.9333333333333333,1],"ix":3},"o":{"a":0,"k":100,"ix":4},"w":{"a":1,"k":[{"i":{"x":[0.833],"y":[0.833]},"o":{"x":[1],"y":[-1.556]},"t":33,"s":[2]},{"i":{"x":[0.833],"y":[0.833]},"o":{"x":[0.167],"y":[0.167]},"t":37,"s":[4]},{"t":43.9999961916669,"s":[0]}],"ix":5},"lc":2,"lj":1,"ml":4,"bm":0,"nm":"Stroke 1","mn":"ADBE Vector Graphic - Stroke","hd":false},{"ty":"tr","p":{"a":0,"k":[0,0],"ix":2},"a":{"a":0,"k":[0,0],"ix":1},"s":{"a":0,"k":[100,100],"ix":3},"r":{"a":0,"k":0,"ix":6},"o":{"a":0,"k":100,"ix":7},"sk":{"a":0,"k":0,"ix":4},"sa":{"a":0,"k":0,"ix":5},"nm":"Transform"}],"nm":"Shape 1","np":3,"cix":2,"bm":0,"ix":1,"mn":"ADBE Vector Group","hd":false},{"ty":"tm","s":{"a":1,"k":[{"i":{"x":[0.833],"y":[0.833]},"o":{"x":[1],"y":[-0.06]},"t":33,"s":[0]},{"i":{"x":[0.833],"y":[0.833]},"o":{"x":[0.167],"y":[0.167]},"t":39,"s":[78]},{"t":43.9999961916669,"s":[99]}],"ix":1},"e":{"a":1,"k":[{"i":{"x":[0.833],"y":[0.833]},"o":{"x":[1],"y":[-0.041]},"t":33,"s":[0]},{"i":{"x":[0.833],"y":[0.833]},"o":{"x":[0.167],"y":[0.167]},"t":37,"s":[76]},{"t":43.9999961916669,"s":[100]}],"ix":2},"o":{"a":0,"k":0,"ix":3},"m":1,"ix":2,"nm":"Trim Paths 1","mn":"ADBE Vector Filter - Trim","hd":false}],"ip":32.9999971437502,"op":44.9999961051139,"st":-2.99999974034093,"bm":0},{"ddd":0,"ind":19,"ty":4,"nm":"Shape Layer 5","parent":7,"sr":1,"ks":{"o":{"a":0,"k":100,"ix":11},"r":{"a":0,"k":0,"ix":10},"p":{"a":0,"k":[0,0,0],"ix":2},"a":{"a":0,"k":[0,0,0],"ix":1},"s":{"a":0,"k":[100,100,100],"ix":6}},"ao":0,"shapes":[{"ty":"gr","it":[{"ind":0,"ty":"sh","ix":1,"ks":{"a":0,"k":{"i":[[-78.985,1.537],[-27.761,12.542],[0,0]],"o":[[78.985,-1.537],[25.492,-11.517],[0,0]],"v":[[80.45,465.251],[254.3,455.867],[287.418,410.214]],"c":false},"ix":2},"nm":"Path 1","mn":"ADBE Vector Shape - Group","hd":false},{"ty":"st","c":{"a":0,"k":[0.6078431372549019,0.6078431372549019,0.6078431372549019,1],"ix":3},"o":{"a":0,"k":100,"ix":4},"w":{"a":1,"k":[{"i":{"x":[0.833],"y":[0.833]},"o":{"x":[1],"y":[-0.086]},"t":33,"s":[2]},{"i":{"x":[0.833],"y":[0.833]},"o":{"x":[0.167],"y":[0.167]},"t":35,"s":[20]},{"t":43.9999961916669,"s":[0]}],"ix":5},"lc":2,"lj":1,"ml":4,"bm":0,"nm":"Stroke 1","mn":"ADBE Vector Graphic - Stroke","hd":false},{"ty":"tr","p":{"a":0,"k":[0,0],"ix":2},"a":{"a":0,"k":[0,0],"ix":1},"s":{"a":0,"k":[100,100],"ix":3},"r":{"a":0,"k":0,"ix":6},"o":{"a":0,"k":100,"ix":7},"sk":{"a":0,"k":0,"ix":4},"sa":{"a":0,"k":0,"ix":5},"nm":"Transform"}],"nm":"Shape 1","np":3,"cix":2,"bm":0,"ix":1,"mn":"ADBE Vector Group","hd":false},{"ty":"tm","s":{"a":1,"k":[{"i":{"x":[0.833],"y":[0.833]},"o":{"x":[1],"y":[-0.04]},"t":33,"s":[0]},{"i":{"x":[0.833],"y":[0.833]},"o":{"x":[0.167],"y":[0.167]},"t":37,"s":[78]},{"t":43.9999961916669,"s":[99]}],"ix":1},"e":{"a":1,"k":[{"i":{"x":[0.833],"y":[0.833]},"o":{"x":[1],"y":[-0.02]},"t":33,"s":[0]},{"i":{"x":[0.833],"y":[0.833]},"o":{"x":[0.167],"y":[0.167]},"t":35,"s":[76]},{"t":43.9999961916669,"s":[100]}],"ix":2},"o":{"a":0,"k":0,"ix":3},"m":1,"ix":2,"nm":"Trim Paths 1","mn":"ADBE Vector Filter - Trim","hd":false}],"ip":32.9999971437502,"op":44.9999961051139,"st":-2.99999974034093,"bm":0},{"ddd":0,"ind":20,"ty":4,"nm":"Shape Layer 3","parent":7,"sr":1,"ks":{"o":{"a":0,"k":100,"ix":11},"r":{"a":0,"k":0,"ix":10},"p":{"a":0,"k":[5.926,-5.926,0],"ix":2},"a":{"a":0,"k":[0,0,0],"ix":1},"s":{"a":0,"k":[100,100,100],"ix":6}},"ao":0,"shapes":[{"ty":"gr","it":[{"ind":0,"ty":"sh","ix":1,"ks":{"a":1,"k":[{"i":{"x":0.833,"y":0.833},"o":{"x":1,"y":0},"t":1,"s":[{"i":[[-30.928,0],[-1.039,-0.057],[0,-29.874],[0.044,-0.906],[28.419,-1.727],[1.158,0],[1.426,29.658],[0,0.917]],"o":[[1.054,0],[29.467,1.629],[0,0.917],[-1.371,28.513],[-1.141,0.069],[-30.011,0],[-0.044,-0.906],[0,-30.928]],"v":[[0,-96],[3.14,-95.913],[56,-40],[55.934,-37.265],[3.449,15.896],[0,16],[-55.934,-37.265],[-56,-40]],"c":true}]},{"i":{"x":0.667,"y":1},"o":{"x":0.167,"y":0.167},"t":7,"s":[{"i":[[-30.928,0],[-1.039,-0.057],[0,-29.874],[0.044,-0.906],[28.419,-1.727],[1.158,0],[1.426,29.658],[0,0.917]],"o":[[1.054,0],[29.467,1.629],[0,0.917],[-1.371,28.513],[-1.141,0.069],[-30.011,0],[-0.044,-0.906],[0,-30.928]],"v":[[0,-56],[3.14,-55.913],[56,0],[55.934,2.735],[3.449,55.896],[0,56],[-55.934,2.735],[-56,0]],"c":true}]},{"i":{"x":0.833,"y":0.833},"o":{"x":0.333,"y":0},"t":9,"s":[{"i":[[-30.928,0],[-1.039,-0.057],[0,-29.874],[0.044,-0.906],[28.419,-1.727],[1.158,0],[1.426,29.658],[0,0.917]],"o":[[1.054,0],[29.467,1.629],[0,0.917],[-1.371,28.513],[-1.141,0.069],[-30.011,0],[-0.044,-0.906],[0,-30.928]],"v":[[0,48],[3.14,48.087],[56,104],[55.934,415.235],[3.449,468.396],[0,468.5],[-55.934,415.235],[-56,104]],"c":true}]},{"i":{"x":0.04,"y":1},"o":{"x":0.167,"y":0.167},"t":11,"s":[{"i":[[-30.928,0],[-1.039,-0.057],[0,-29.874],[0.044,-0.906],[28.419,-1.727],[1.158,0],[1.426,29.658],[0,0.917]],"o":[[1.054,0],[29.467,1.629],[0,0.917],[-1.371,28.513],[-1.141,0.069],[-30.011,0],[-0.044,-0.906],[0,-30.928]],"v":[[0,356],[3.14,356.087],[56,412],[55.934,415.235],[3.449,468.396],[0,468.5],[-55.934,415.235],[-56,412]],"c":true}]},{"i":{"x":0.833,"y":0.833},"o":{"x":1,"y":0},"t":15,"s":[{"i":[[-30.928,0],[-0.992,-0.052],[0,-29.923],[0.044,-0.906],[28.494,-1.65],[1.104,0],[1.426,29.658],[0,0.917]],"o":[[1.005,0],[29.535,1.557],[0,0.917],[-1.374,28.567],[-1.088,0.063],[-30.011,0],[-0.044,-0.906],[0,-30.928]],"v":[[-67,356],[55.996,356.079],[109,412],[108.934,415.235],[56.288,468.405],[-67,468.5],[-122.934,415.235],[-123,412]],"c":true}]},{"i":{"x":0.833,"y":0.833},"o":{"x":0.167,"y":0.167},"t":18,"s":[{"i":[[-30.928,0],[-1.039,-0.057],[0,-29.874],[0.044,-0.906],[28.419,-1.727],[1.158,0],[1.426,29.658],[0,0.917]],"o":[[1.054,0],[29.467,1.629],[0,0.917],[-1.371,28.513],[-1.141,0.069],[-30.011,0],[-0.044,-0.906],[0,-30.928]],"v":[[0,324],[3.14,324.087],[56,380],[55.934,415.235],[3.449,468.396],[0,468.5],[-55.934,415.235],[-56,380]],"c":true}]},{"i":{"x":0,"y":1},"o":{"x":0.167,"y":0.167},"t":20,"s":[{"i":[[-30.928,0],[-1.039,-0.057],[0,-29.874],[0.044,-0.906],[28.419,-1.727],[1.158,0],[1.426,29.658],[0,0.917]],"o":[[1.054,0],[29.467,1.629],[0,0.917],[-1.371,28.513],[-1.141,0.069],[-30.011,0],[-0.044,-0.906],[0,-30.928]],"v":[[0,40.171],[3.14,40.258],[56,96.171],[55.934,178.443],[3.449,231.604],[0,231.708],[-55.934,178.443],[-56,96.171]],"c":true}]},{"i":{"x":0.833,"y":0.833},"o":{"x":1,"y":0},"t":26,"s":[{"i":[[-30.928,0],[-1.039,-0.057],[0,-29.874],[0.044,-0.906],[28.419,-1.727],[1.158,0],[1.426,29.658],[0,0.917]],"o":[[1.054,0],[29.467,1.629],[0,0.917],[-1.371,28.513],[-1.141,0.069],[-30.011,0],[-0.044,-0.906],[0,-30.928]],"v":[[0,-96],[3.14,-95.913],[56,-40],[55.934,-37.265],[3.449,15.896],[0,16],[-55.934,-37.265],[-56,-40]],"c":true}]},{"i":{"x":0.667,"y":1},"o":{"x":0.167,"y":0.167},"t":32,"s":[{"i":[[-30.928,0],[-1.039,-0.057],[0,-29.874],[0.044,-0.906],[28.419,-1.727],[1.158,0],[1.426,29.658],[0,0.917]],"o":[[1.054,0],[29.467,1.629],[0,0.917],[-1.371,28.513],[-1.141,0.069],[-30.011,0],[-0.044,-0.906],[0,-30.928]],"v":[[0,8],[3.14,8.087],[56,64],[55.934,66.735],[3.449,119.896],[0,120],[-55.934,66.735],[-56,64]],"c":true}]},{"i":{"x":0.833,"y":0.833},"o":{"x":0.333,"y":0},"t":34,"s":[{"i":[[-30.928,0],[-1.039,-0.057],[0,-29.874],[0.044,-0.906],[28.419,-1.727],[1.158,0],[1.426,29.658],[0,0.917]],"o":[[1.054,0],[29.467,1.629],[0,0.917],[-1.371,28.513],[-1.141,0.069],[-30.011,0],[-0.044,-0.906],[0,-30.928]],"v":[[0,48],[3.14,48.087],[56,104],[55.934,415.235],[3.449,468.396],[0,468.5],[-55.934,415.235],[-56,104]],"c":true}]},{"i":{"x":0.04,"y":1},"o":{"x":0.167,"y":0.167},"t":36,"s":[{"i":[[-30.928,0],[-1.039,-0.057],[0,-29.874],[0.044,-0.906],[28.419,-1.727],[1.158,0],[1.426,29.658],[0,0.917]],"o":[[1.054,0],[29.467,1.629],[0,0.917],[-1.371,28.513],[-1.141,0.069],[-30.011,0],[-0.044,-0.906],[0,-30.928]],"v":[[0,356],[3.14,356.087],[56,412],[55.934,415.235],[3.449,468.396],[0,468.5],[-55.934,415.235],[-56,412]],"c":true}]},{"i":{"x":0.833,"y":0.833},"o":{"x":1,"y":0},"t":40,"s":[{"i":[[-30.928,0],[-0.992,-0.045],[0,-25.51],[0.044,-0.772],[28.494,-1.406],[1.104,0],[1.426,25.284],[0,0.782]],"o":[[1.005,0],[29.535,1.327],[0,0.782],[-1.374,24.354],[-1.088,0.054],[-30.011,0],[-0.044,-0.772],[0,-26.366]],"v":[[-67,372.593],[55.996,372.66],[109,420.333],[108.934,423.091],[56.288,468.419],[-67,468.5],[-122.934,423.091],[-123,420.333]],"c":true}]},{"i":{"x":0.833,"y":0.833},"o":{"x":0.167,"y":0.167},"t":43,"s":[{"i":[[-30.928,0],[-1.039,-0.057],[0,-29.874],[0.044,-0.906],[28.419,-1.727],[1.158,0],[1.426,29.658],[0,0.917]],"o":[[1.054,0],[29.467,1.629],[0,0.917],[-1.371,28.513],[-1.141,0.069],[-30.011,0],[-0.044,-0.906],[0,-30.928]],"v":[[0,324],[3.14,324.087],[56,380],[55.934,415.235],[3.449,468.396],[0,468.5],[-55.934,415.235],[-56,380]],"c":true}]},{"i":{"x":0,"y":1},"o":{"x":0.167,"y":0.167},"t":45,"s":[{"i":[[-30.928,0],[-1.039,-0.057],[0,-29.874],[0.044,-0.906],[28.419,-1.727],[1.158,0],[1.426,29.658],[0,0.917]],"o":[[1.054,0],[29.467,1.629],[0,0.917],[-1.371,28.513],[-1.141,0.069],[-30.011,0],[-0.044,-0.906],[0,-30.928]],"v":[[0,40.171],[3.14,40.258],[56,96.171],[55.934,178.443],[3.449,231.604],[0,231.708],[-55.934,178.443],[-56,96.171]],"c":true}]},{"i":{"x":0.833,"y":0.833},"o":{"x":1,"y":0},"t":51,"s":[{"i":[[-30.928,0],[-1.039,-0.057],[0,-29.874],[0.044,-0.906],[28.419,-1.727],[1.158,0],[1.426,29.658],[0,0.917]],"o":[[1.054,0],[29.467,1.629],[0,0.917],[-1.371,28.513],[-1.141,0.069],[-30.011,0],[-0.044,-0.906],[0,-30.928]],"v":[[0,-96],[3.14,-95.913],[56,-40],[55.934,-37.265],[3.449,15.896],[0,16],[-55.934,-37.265],[-56,-40]],"c":true}]},{"i":{"x":0.667,"y":1},"o":{"x":0.167,"y":0.167},"t":57,"s":[{"i":[[-30.928,0],[-1.039,-0.057],[0,-29.874],[0.044,-0.906],[28.419,-1.727],[1.158,0],[1.426,29.658],[0,0.917]],"o":[[1.054,0],[29.467,1.629],[0,0.917],[-1.371,28.513],[-1.141,0.069],[-30.011,0],[-0.044,-0.906],[0,-30.928]],"v":[[0,8],[3.14,8.087],[56,64],[55.934,66.735],[3.449,119.896],[0,120],[-55.934,66.735],[-56,64]],"c":true}]},{"i":{"x":0.833,"y":0.833},"o":{"x":0.333,"y":0},"t":59,"s":[{"i":[[-30.928,0],[-1.039,-0.057],[0,-29.874],[0.044,-0.906],[28.419,-1.727],[1.158,0],[1.426,29.658],[0,0.917]],"o":[[1.054,0],[29.467,1.629],[0,0.917],[-1.371,28.513],[-1.141,0.069],[-30.011,0],[-0.044,-0.906],[0,-30.928]],"v":[[0,48],[3.14,48.087],[56,104],[55.934,415.235],[3.449,468.396],[0,468.5],[-55.934,415.235],[-56,104]],"c":true}]},{"i":{"x":0.04,"y":1},"o":{"x":0.167,"y":0.167},"t":61,"s":[{"i":[[-30.928,0],[-1.039,-0.057],[0,-29.874],[0.044,-0.906],[28.419,-1.727],[1.158,0],[1.426,29.658],[0,0.917]],"o":[[1.054,0],[29.467,1.629],[0,0.917],[-1.371,28.513],[-1.141,0.069],[-30.011,0],[-0.044,-0.906],[0,-30.928]],"v":[[0,356],[3.14,356.087],[56,412],[55.934,415.235],[3.449,468.396],[0,468.5],[-55.934,415.235],[-56,412]],"c":true}]},{"i":{"x":0.833,"y":0.833},"o":{"x":1,"y":0},"t":65,"s":[{"i":[[-30.928,0],[-0.992,-0.045],[0,-25.51],[0.044,-0.772],[28.494,-1.406],[1.104,0],[1.426,25.284],[0,0.782]],"o":[[1.005,0],[29.535,1.327],[0,0.782],[-1.374,24.354],[-1.088,0.054],[-30.011,0],[-0.044,-0.772],[0,-26.366]],"v":[[-67,372.593],[55.996,372.66],[109,420.333],[108.934,423.091],[56.288,468.419],[-67,468.5],[-122.934,423.091],[-123,420.333]],"c":true}]},{"i":{"x":0.833,"y":0.833},"o":{"x":0.167,"y":0.167},"t":68,"s":[{"i":[[-30.928,0],[-1.039,-0.057],[0,-29.874],[0.044,-0.906],[28.419,-1.727],[1.158,0],[1.426,29.658],[0,0.917]],"o":[[1.054,0],[29.467,1.629],[0,0.917],[-1.371,28.513],[-1.141,0.069],[-30.011,0],[-0.044,-0.906],[0,-30.928]],"v":[[0,324],[3.14,324.087],[56,380],[55.934,415.235],[3.449,468.396],[0,468.5],[-55.934,415.235],[-56,380]],"c":true}]},{"i":{"x":0,"y":1},"o":{"x":0.167,"y":0.167},"t":70,"s":[{"i":[[-30.928,0],[-1.039,-0.057],[0,-29.874],[0.044,-0.906],[28.419,-1.727],[1.158,0],[1.426,29.658],[0,0.917]],"o":[[1.054,0],[29.467,1.629],[0,0.917],[-1.371,28.513],[-1.141,0.069],[-30.011,0],[-0.044,-0.906],[0,-30.928]],"v":[[0,40.171],[3.14,40.258],[56,96.171],[55.934,178.443],[3.449,231.604],[0,231.708],[-55.934,178.443],[-56,96.171]],"c":true}]},{"t":75.9999934219701,"s":[{"i":[[-30.928,0],[-1.039,-0.057],[0,-29.874],[0.044,-0.906],[28.419,-1.727],[1.158,0],[1.426,29.658],[0,0.917]],"o":[[1.054,0],[29.467,1.629],[0,0.917],[-1.371,28.513],[-1.141,0.069],[-30.011,0],[-0.044,-0.906],[0,-30.928]],"v":[[0,-96],[3.14,-95.913],[56,-40],[55.934,-37.265],[3.449,15.896],[0,16],[-55.934,-37.265],[-56,-40]],"c":true}]}],"ix":2},"nm":"Path 1","mn":"ADBE Vector Shape - Group","hd":false},{"ty":"st","c":{"a":0,"k":[0.9333333333333333,0.9333333333333333,0.9333333333333333,1],"ix":3},"o":{"a":0,"k":100,"ix":4},"w":{"a":0,"k":4,"ix":5},"lc":1,"lj":1,"ml":4,"bm":0,"nm":"Stroke 1","mn":"ADBE Vector Graphic - Stroke","hd":false},{"ty":"tr","p":{"a":0,"k":[0,0],"ix":2},"a":{"a":0,"k":[0,0],"ix":1},"s":{"a":0,"k":[100,100],"ix":3},"r":{"a":0,"k":0,"ix":6},"o":{"a":0,"k":100,"ix":7},"sk":{"a":0,"k":0,"ix":4},"sa":{"a":0,"k":0,"ix":5},"nm":"Transform"}],"nm":"Ellipse 1","np":3,"cix":2,"bm":0,"ix":1,"mn":"ADBE Vector Group","hd":false}],"ip":-0.99999991344698,"op":99.9999913446975,"st":0.99999991344698,"bm":0},{"ddd":0,"ind":21,"ty":4,"nm":"Shape Layer 1","parent":7,"sr":1,"ks":{"o":{"a":0,"k":100,"ix":11},"r":{"a":0,"k":0,"ix":10},"p":{"a":0,"k":[0,0,0],"ix":2},"a":{"a":0,"k":[0,0,0],"ix":1},"s":{"a":0,"k":[100,100,100],"ix":6}},"ao":0,"shapes":[{"ty":"gr","it":[{"ind":0,"ty":"sh","ix":1,"ks":{"a":1,"k":[{"i":{"x":0.833,"y":0.833},"o":{"x":1,"y":0},"t":0,"s":[{"i":[[-30.928,0],[-1.039,-0.057],[0,-29.874],[0.044,-0.906],[28.419,-1.727],[1.158,0],[1.426,29.658],[0,0.917]],"o":[[1.054,0],[29.467,1.629],[0,0.917],[-1.371,28.513],[-1.141,0.069],[-30.011,0],[-0.044,-0.906],[0,-30.928]],"v":[[0,-96],[3.14,-95.913],[56,-40],[55.934,-37.265],[3.449,15.896],[0,16],[-55.934,-37.265],[-56,-40]],"c":true}]},{"i":{"x":0.667,"y":1},"o":{"x":0.167,"y":0.167},"t":6,"s":[{"i":[[-30.928,0],[-1.039,-0.057],[0,-29.874],[0.044,-0.906],[28.419,-1.727],[1.158,0],[1.426,29.658],[0,0.917]],"o":[[1.054,0],[29.467,1.629],[0,0.917],[-1.371,28.513],[-1.141,0.069],[-30.011,0],[-0.044,-0.906],[0,-30.928]],"v":[[0,-56],[3.14,-55.913],[56,0],[55.934,2.735],[3.449,55.896],[0,56],[-55.934,2.735],[-56,0]],"c":true}]},{"i":{"x":0.833,"y":0.833},"o":{"x":0.333,"y":0},"t":8,"s":[{"i":[[-30.928,0],[-1.039,-0.057],[0,-29.874],[0.044,-0.906],[28.419,-1.727],[1.158,0],[1.426,29.658],[0,0.917]],"o":[[1.054,0],[29.467,1.629],[0,0.917],[-1.371,28.513],[-1.141,0.069],[-30.011,0],[-0.044,-0.906],[0,-30.928]],"v":[[0,48],[3.14,48.087],[56,104],[55.934,415.235],[3.449,468.396],[0,468.5],[-55.934,415.235],[-56,104]],"c":true}]},{"i":{"x":0.04,"y":1},"o":{"x":0.167,"y":0.167},"t":10,"s":[{"i":[[-30.928,0],[-1.039,-0.057],[0,-29.874],[0.044,-0.906],[28.419,-1.727],[1.158,0],[1.426,29.658],[0,0.917]],"o":[[1.054,0],[29.467,1.629],[0,0.917],[-1.371,28.513],[-1.141,0.069],[-30.011,0],[-0.044,-0.906],[0,-30.928]],"v":[[0,356],[3.14,356.087],[56,412],[55.934,415.235],[3.449,468.396],[0,468.5],[-55.934,415.235],[-56,412]],"c":true}]},{"i":{"x":0.833,"y":0.833},"o":{"x":1,"y":0},"t":14,"s":[{"i":[[-30.928,0],[-0.992,-0.052],[0,-29.923],[0.044,-0.906],[28.494,-1.65],[1.104,0],[1.426,29.658],[0,0.917]],"o":[[1.005,0],[29.535,1.557],[0,0.917],[-1.374,28.567],[-1.088,0.063],[-30.011,0],[-0.044,-0.906],[0,-30.928]],"v":[[-67,356],[55.996,356.079],[109,412],[108.934,415.235],[56.288,468.405],[-67,468.5],[-122.934,415.235],[-123,412]],"c":true}]},{"i":{"x":0.833,"y":0.833},"o":{"x":0.167,"y":0.167},"t":17,"s":[{"i":[[-30.928,0],[-1.039,-0.057],[0,-29.874],[0.044,-0.906],[28.419,-1.727],[1.158,0],[1.426,29.658],[0,0.917]],"o":[[1.054,0],[29.467,1.629],[0,0.917],[-1.371,28.513],[-1.141,0.069],[-30.011,0],[-0.044,-0.906],[0,-30.928]],"v":[[0,324],[3.14,324.087],[56,380],[55.934,415.235],[3.449,468.396],[0,468.5],[-55.934,415.235],[-56,380]],"c":true}]},{"i":{"x":0,"y":1},"o":{"x":0.167,"y":0.167},"t":19,"s":[{"i":[[-30.928,0],[-1.039,-0.057],[0,-29.874],[0.044,-0.906],[28.419,-1.727],[1.158,0],[1.426,29.658],[0,0.917]],"o":[[1.054,0],[29.467,1.629],[0,0.917],[-1.371,28.513],[-1.141,0.069],[-30.011,0],[-0.044,-0.906],[0,-30.928]],"v":[[0,40.171],[3.14,40.258],[56,96.171],[55.934,178.443],[3.449,231.604],[0,231.708],[-55.934,178.443],[-56,96.171]],"c":true}]},{"i":{"x":0.833,"y":0.833},"o":{"x":1,"y":0},"t":25,"s":[{"i":[[-30.928,0],[-1.039,-0.057],[0,-29.874],[0.044,-0.906],[28.419,-1.727],[1.158,0],[1.426,29.658],[0,0.917]],"o":[[1.054,0],[29.467,1.629],[0,0.917],[-1.371,28.513],[-1.141,0.069],[-30.011,0],[-0.044,-0.906],[0,-30.928]],"v":[[0,-96],[3.14,-95.913],[56,-40],[55.934,-37.265],[3.449,15.896],[0,16],[-55.934,-37.265],[-56,-40]],"c":true}]},{"i":{"x":0.667,"y":1},"o":{"x":0.167,"y":0.167},"t":31,"s":[{"i":[[-30.928,0],[-1.039,-0.057],[0,-29.874],[0.044,-0.906],[28.419,-1.727],[1.158,0],[1.426,29.658],[0,0.917]],"o":[[1.054,0],[29.467,1.629],[0,0.917],[-1.371,28.513],[-1.141,0.069],[-30.011,0],[-0.044,-0.906],[0,-30.928]],"v":[[0,8],[3.14,8.087],[56,64],[55.934,66.735],[3.449,119.896],[0,120],[-55.934,66.735],[-56,64]],"c":true}]},{"i":{"x":0.833,"y":0.833},"o":{"x":0.333,"y":0},"t":33,"s":[{"i":[[-30.928,0],[-1.039,-0.057],[0,-29.874],[0.044,-0.906],[28.419,-1.727],[1.158,0],[1.426,29.658],[0,0.917]],"o":[[1.054,0],[29.467,1.629],[0,0.917],[-1.371,28.513],[-1.141,0.069],[-30.011,0],[-0.044,-0.906],[0,-30.928]],"v":[[0,48],[3.14,48.087],[56,104],[55.934,415.235],[3.449,468.396],[0,468.5],[-55.934,415.235],[-56,104]],"c":true}]},{"i":{"x":0.04,"y":1},"o":{"x":0.167,"y":0.167},"t":35,"s":[{"i":[[-30.928,0],[-1.039,-0.057],[0,-29.874],[0.044,-0.906],[28.419,-1.727],[1.158,0],[1.426,29.658],[0,0.917]],"o":[[1.054,0],[29.467,1.629],[0,0.917],[-1.371,28.513],[-1.141,0.069],[-30.011,0],[-0.044,-0.906],[0,-30.928]],"v":[[0,356],[3.14,356.087],[56,412],[55.934,415.235],[3.449,468.396],[0,468.5],[-55.934,415.235],[-56,412]],"c":true}]},{"i":{"x":0.833,"y":0.833},"o":{"x":1,"y":0},"t":39,"s":[{"i":[[-30.928,0],[-0.992,-0.045],[0,-25.51],[0.044,-0.772],[28.494,-1.406],[1.104,0],[1.426,25.284],[0,0.782]],"o":[[1.005,0],[29.535,1.327],[0,0.782],[-1.374,24.354],[-1.088,0.054],[-30.011,0],[-0.044,-0.772],[0,-26.366]],"v":[[-67,372.593],[55.996,372.66],[109,420.333],[108.934,423.091],[56.288,468.419],[-67,468.5],[-122.934,423.091],[-123,420.333]],"c":true}]},{"i":{"x":0.833,"y":0.833},"o":{"x":0.167,"y":0.167},"t":42,"s":[{"i":[[-30.928,0],[-1.039,-0.057],[0,-29.874],[0.044,-0.906],[28.419,-1.727],[1.158,0],[1.426,29.658],[0,0.917]],"o":[[1.054,0],[29.467,1.629],[0,0.917],[-1.371,28.513],[-1.141,0.069],[-30.011,0],[-0.044,-0.906],[0,-30.928]],"v":[[0,324],[3.14,324.087],[56,380],[55.934,415.235],[3.449,468.396],[0,468.5],[-55.934,415.235],[-56,380]],"c":true}]},{"i":{"x":0,"y":1},"o":{"x":0.167,"y":0.167},"t":44,"s":[{"i":[[-30.928,0],[-1.039,-0.057],[0,-29.874],[0.044,-0.906],[28.419,-1.727],[1.158,0],[1.426,29.658],[0,0.917]],"o":[[1.054,0],[29.467,1.629],[0,0.917],[-1.371,28.513],[-1.141,0.069],[-30.011,0],[-0.044,-0.906],[0,-30.928]],"v":[[0,40.171],[3.14,40.258],[56,96.171],[55.934,178.443],[3.449,231.604],[0,231.708],[-55.934,178.443],[-56,96.171]],"c":true}]},{"i":{"x":0.833,"y":0.833},"o":{"x":1,"y":0},"t":50,"s":[{"i":[[-30.928,0],[-1.039,-0.057],[0,-29.874],[0.044,-0.906],[28.419,-1.727],[1.158,0],[1.426,29.658],[0,0.917]],"o":[[1.054,0],[29.467,1.629],[0,0.917],[-1.371,28.513],[-1.141,0.069],[-30.011,0],[-0.044,-0.906],[0,-30.928]],"v":[[0,-96],[3.14,-95.913],[56,-40],[55.934,-37.265],[3.449,15.896],[0,16],[-55.934,-37.265],[-56,-40]],"c":true}]},{"i":{"x":0.667,"y":1},"o":{"x":0.167,"y":0.167},"t":56,"s":[{"i":[[-30.928,0],[-1.039,-0.057],[0,-29.874],[0.044,-0.906],[28.419,-1.727],[1.158,0],[1.426,29.658],[0,0.917]],"o":[[1.054,0],[29.467,1.629],[0,0.917],[-1.371,28.513],[-1.141,0.069],[-30.011,0],[-0.044,-0.906],[0,-30.928]],"v":[[0,8],[3.14,8.087],[56,64],[55.934,66.735],[3.449,119.896],[0,120],[-55.934,66.735],[-56,64]],"c":true}]},{"i":{"x":0.833,"y":0.833},"o":{"x":0.333,"y":0},"t":58,"s":[{"i":[[-30.928,0],[-1.039,-0.057],[0,-29.874],[0.044,-0.906],[28.419,-1.727],[1.158,0],[1.426,29.658],[0,0.917]],"o":[[1.054,0],[29.467,1.629],[0,0.917],[-1.371,28.513],[-1.141,0.069],[-30.011,0],[-0.044,-0.906],[0,-30.928]],"v":[[0,48],[3.14,48.087],[56,104],[55.934,415.235],[3.449,468.396],[0,468.5],[-55.934,415.235],[-56,104]],"c":true}]},{"i":{"x":0.04,"y":1},"o":{"x":0.167,"y":0.167},"t":60,"s":[{"i":[[-30.928,0],[-1.039,-0.057],[0,-29.874],[0.044,-0.906],[28.419,-1.727],[1.158,0],[1.426,29.658],[0,0.917]],"o":[[1.054,0],[29.467,1.629],[0,0.917],[-1.371,28.513],[-1.141,0.069],[-30.011,0],[-0.044,-0.906],[0,-30.928]],"v":[[0,356],[3.14,356.087],[56,412],[55.934,415.235],[3.449,468.396],[0,468.5],[-55.934,415.235],[-56,412]],"c":true}]},{"i":{"x":0.833,"y":0.833},"o":{"x":1,"y":0},"t":64,"s":[{"i":[[-30.928,0],[-0.992,-0.045],[0,-25.51],[0.044,-0.772],[28.494,-1.406],[1.104,0],[1.426,25.284],[0,0.782]],"o":[[1.005,0],[29.535,1.327],[0,0.782],[-1.374,24.354],[-1.088,0.054],[-30.011,0],[-0.044,-0.772],[0,-26.366]],"v":[[-67,372.593],[55.996,372.66],[109,420.333],[108.934,423.091],[56.288,468.419],[-67,468.5],[-122.934,423.091],[-123,420.333]],"c":true}]},{"i":{"x":0.833,"y":0.833},"o":{"x":0.167,"y":0.167},"t":67,"s":[{"i":[[-30.928,0],[-1.039,-0.057],[0,-29.874],[0.044,-0.906],[28.419,-1.727],[1.158,0],[1.426,29.658],[0,0.917]],"o":[[1.054,0],[29.467,1.629],[0,0.917],[-1.371,28.513],[-1.141,0.069],[-30.011,0],[-0.044,-0.906],[0,-30.928]],"v":[[0,324],[3.14,324.087],[56,380],[55.934,415.235],[3.449,468.396],[0,468.5],[-55.934,415.235],[-56,380]],"c":true}]},{"i":{"x":0,"y":1},"o":{"x":0.167,"y":0.167},"t":69,"s":[{"i":[[-30.928,0],[-1.039,-0.057],[0,-29.874],[0.044,-0.906],[28.419,-1.727],[1.158,0],[1.426,29.658],[0,0.917]],"o":[[1.054,0],[29.467,1.629],[0,0.917],[-1.371,28.513],[-1.141,0.069],[-30.011,0],[-0.044,-0.906],[0,-30.928]],"v":[[0,40.171],[3.14,40.258],[56,96.171],[55.934,178.443],[3.449,231.604],[0,231.708],[-55.934,178.443],[-56,96.171]],"c":true}]},{"t":74.9999935085232,"s":[{"i":[[-30.928,0],[-1.039,-0.057],[0,-29.874],[0.044,-0.906],[28.419,-1.727],[1.158,0],[1.426,29.658],[0,0.917]],"o":[[1.054,0],[29.467,1.629],[0,0.917],[-1.371,28.513],[-1.141,0.069],[-30.011,0],[-0.044,-0.906],[0,-30.928]],"v":[[0,-96],[3.14,-95.913],[56,-40],[55.934,-37.265],[3.449,15.896],[0,16],[-55.934,-37.265],[-56,-40]],"c":true}]}],"ix":2},"nm":"Path 1","mn":"ADBE Vector Shape - Group","hd":false},{"ty":"fl","c":{"a":0,"k":[0.6078431372549019,0.6078431372549019,0.6078431372549019,1],"ix":4},"o":{"a":0,"k":100,"ix":5},"r":1,"bm":0,"nm":"Fill 1","mn":"ADBE Vector Graphic - Fill","hd":false},{"ty":"tr","p":{"a":0,"k":[0,0],"ix":2},"a":{"a":0,"k":[0,0],"ix":1},"s":{"a":0,"k":[100,100],"ix":3},"r":{"a":0,"k":0,"ix":6},"o":{"a":0,"k":100,"ix":7},"sk":{"a":0,"k":0,"ix":4},"sa":{"a":0,"k":0,"ix":5},"nm":"Transform"}],"nm":"Ellipse 1","np":3,"cix":2,"bm":0,"ix":1,"mn":"ADBE Vector Group","hd":false}],"ip":0,"op":75.9999934219701,"st":0,"bm":0},{"ddd":0,"ind":22,"ty":4,"nm":"Shape Layer 22","sr":1,"ks":{"o":{"a":0,"k":10,"ix":11},"r":{"a":0,"k":0,"ix":10},"p":{"a":0,"k":[540,536,0],"ix":2},"a":{"a":0,"k":[0,0,0],"ix":1},"s":{"a":0,"k":[100,100,100],"ix":6}},"ao":0,"shapes":[{"ty":"gr","it":[{"ind":0,"ty":"sh","ix":1,"ks":{"a":1,"k":[{"i":{"x":0.833,"y":0.833},"o":{"x":1,"y":0},"t":25,"s":[{"i":[[0,0],[0,0]],"o":[[0,0],[0,0]],"v":[[4.625,448],[18.375,448]],"c":false}]},{"i":{"x":0.833,"y":0.833},"o":{"x":0.167,"y":0.167},"t":31,"s":[{"i":[[0,0],[0,0]],"o":[[0,0],[0,0]],"v":[[-2.5,448],[25.5,448]],"c":false}]},{"i":{"x":0,"y":1},"o":{"x":0.167,"y":0.167},"t":35,"s":[{"i":[[0,0],[0,0]],"o":[[0,0],[0,0]],"v":[[-63,448],[87,448]],"c":false}]},{"i":{"x":0.833,"y":0.833},"o":{"x":1,"y":0},"t":39,"s":[{"i":[[0,0],[0,0]],"o":[[0,0],[0,0]],"v":[[-156,448],[159,448]],"c":false}]},{"i":{"x":0.833,"y":0.833},"o":{"x":0.167,"y":0.167},"t":42,"s":[{"i":[[0,0],[0,0]],"o":[[0,0],[0,0]],"v":[[-85,448],[92,448]],"c":false}]},{"i":{"x":0.667,"y":1},"o":{"x":0.167,"y":0.167},"t":44,"s":[{"i":[[0,0],[0,0]],"o":[[0,0],[0,0]],"v":[[-15,448],[38,448]],"c":false}]},{"i":{"x":0.833,"y":0.833},"o":{"x":1,"y":0},"t":50,"s":[{"i":[[0,0],[0,0]],"o":[[0,0],[0,0]],"v":[[4.625,448],[18.375,448]],"c":false}]},{"i":{"x":0.833,"y":0.833},"o":{"x":0.167,"y":0.167},"t":56,"s":[{"i":[[0,0],[0,0]],"o":[[0,0],[0,0]],"v":[[-2.5,448],[25.5,448]],"c":false}]},{"i":{"x":0,"y":1},"o":{"x":0.167,"y":0.167},"t":60,"s":[{"i":[[0,0],[0,0]],"o":[[0,0],[0,0]],"v":[[-63,448],[87,448]],"c":false}]},{"i":{"x":0.833,"y":0.833},"o":{"x":1,"y":0},"t":64,"s":[{"i":[[0,0],[0,0]],"o":[[0,0],[0,0]],"v":[[-156,448],[159,448]],"c":false}]},{"i":{"x":0.833,"y":0.833},"o":{"x":0.167,"y":0.167},"t":67,"s":[{"i":[[0,0],[0,0]],"o":[[0,0],[0,0]],"v":[[-85,448],[92,448]],"c":false}]},{"i":{"x":0,"y":1},"o":{"x":0.167,"y":0.167},"t":69,"s":[{"i":[[0,0],[0,0]],"o":[[0,0],[0,0]],"v":[[-15,448],[38,448]],"c":false}]},{"t":74.9999935085232,"s":[{"i":[[0,0],[0,0]],"o":[[0,0],[0,0]],"v":[[4.625,448],[18.375,448]],"c":false}]}],"ix":2},"nm":"Path 1","mn":"ADBE Vector Shape - Group","hd":false},{"ty":"st","c":{"a":0,"k":[0.9333333333333333,0.9333333333333333,0.9333333333333333,1],"ix":3},"o":{"a":0,"k":100,"ix":4},"w":{"a":0,"k":16,"ix":5},"lc":2,"lj":1,"ml":4,"bm":0,"nm":"Stroke 1","mn":"ADBE Vector Graphic - Stroke","hd":false},{"ty":"tr","p":{"a":0,"k":[0,0],"ix":2},"a":{"a":0,"k":[0,0],"ix":1},"s":{"a":0,"k":[100,100],"ix":3},"r":{"a":0,"k":0,"ix":6},"o":{"a":0,"k":100,"ix":7},"sk":{"a":0,"k":0,"ix":4},"sa":{"a":0,"k":0,"ix":5},"nm":"Transform"}],"nm":"Shape 1","np":3,"cix":2,"bm":0,"ix":1,"mn":"ADBE Vector Group","hd":false}],"ip":-1.99999982689395,"op":117.999989786743,"st":-1.99999982689395,"bm":0}],"markers":[{"tm":24.9999978361744,"cm":"","dr":0},{"tm":74.9999935085232,"cm":"","dr":0}]}